0.87 ,1
0.88 ,1
0.89 ,1
0.9 ,1
0.91 ,6
0.92 ,20
0.93 ,29
0.94 ,67
0.95 ,94
0.96 ,98
0.97 ,133
0.98 ,114
0.99 ,100
1 ,83
1.01 ,53
1.02 ,34
1.03 ,19
1.04 ,6
1.05 ,3
1.07 ,1
1.34 ,2
1.35 ,2
1.37 ,3
1.38 ,1
1.39 ,5
1.4 ,3
1.41 ,13
1.42 ,11
1.43 ,9
1.44 ,16
1.45 ,29
1.46 ,20
1.47 ,25
1.48 ,32
1.49 ,37
1.5 ,36
1.51 ,32
1.52 ,25
1.53 ,20
1.54 ,27
1.55 ,18
1.56 ,20
1.57 ,17
1.58 ,12
1.59 ,4
1.6 ,7
1.61 ,5
1.63 ,5
1.64 ,7
1.65 ,3
1.66 ,6
1.67 ,4
1.68 ,4
1.69 ,8
1.7 ,8
1.71 ,4
1.72 ,7
1.73 ,11
1.74 ,8
1.75 ,11
1.76 ,13
1.77 ,12
1.78 ,12
1.79 ,17
1.8 ,14
1.81 ,15
1.82 ,17
1.83 ,12
1.84 ,18
1.85 ,13
1.86 ,14
1.87 ,13
1.88 ,17
1.89 ,15
1.9 ,12
1.91 ,17
1.92 ,12
1.93 ,14
1.94 ,9
1.95 ,13
1.96 ,17
1.97 ,13
1.98 ,16
1.99 ,16
2 ,19
2.01 ,10
2.02 ,15
2.03 ,10
2.04 ,9
2.05 ,17
2.06 ,10
2.07 ,14
2.08 ,16
2.09 ,12
2.1 ,19
2.11 ,20
2.12 ,14
2.13 ,12
2.14 ,19
2.15 ,18
2.16 ,12
2.17 ,11
2.18 ,21
2.19 ,21
2.2 ,16
2.21 ,25
2.22 ,22
2.23 ,20
2.24 ,16
2.25 ,19
2.26 ,20
2.27 ,26
2.28 ,24
2.29 ,21
2.3 ,20
2.31 ,16
2.32 ,24
2.33 ,19
2.34 ,16
2.35 ,26
2.36 ,30
2.37 ,32
2.38 ,29
2.39 ,21
2.4 ,24
2.41 ,22
2.42 ,31
2.43 ,21
2.44 ,19
2.45 ,35
2.46 ,35
2.47 ,21
2.48 ,34
2.49 ,25
2.5 ,22
2.51 ,24
2.52 ,30
2.53 ,22
2.54 ,41
2.55 ,38
2.56 ,31
2.57 ,35
2.58 ,34
2.59 ,39
2.6 ,30
2.61 ,30
2.62 ,39
2.63 ,36
2.64 ,28
2.65 ,45
2.66 ,31
2.67 ,45
2.68 ,41
2.69 ,37
2.7 ,41
2.71 ,46
2.72 ,46
2.73 ,35
2.74 ,58
2.75 ,58
2.76 ,58
2.77 ,54
2.78 ,51
2.79 ,50
2.8 ,60
2.81 ,53
2.82 ,55
2.83 ,55
2.84 ,53
2.85 ,47
2.86 ,55
2.87 ,46
2.88 ,48
2.89 ,63
2.9 ,48
2.91 ,65
2.92 ,45
2.93 ,50
2.94 ,49
2.95 ,75
2.96 ,58
2.97 ,52
2.98 ,58
2.99 ,58
3 ,72
3.01 ,66
3.02 ,59
3.03 ,54
3.04 ,50
3.05 ,68
3.06 ,64
3.07 ,53
3.08 ,81
3.09 ,64
3.1 ,73
3.11 ,56
3.12 ,56
3.13 ,66
3.14 ,71
3.15 ,73
3.16 ,60
3.17 ,67
3.18 ,61
3.19 ,73
3.2 ,68
3.21 ,79
3.22 ,81
3.23 ,87
3.24 ,71
3.25 ,44
3.26 ,67
3.27 ,79
3.28 ,78
3.29 ,73
3.3 ,81
3.31 ,64
3.32 ,67
3.33 ,86
3.34 ,72
3.35 ,78
3.36 ,77
3.37 ,79
3.38 ,74
3.39 ,88
3.4 ,88
3.41 ,70
3.42 ,85
3.43 ,87
3.44 ,64
3.45 ,83
3.46 ,78
3.47 ,94
3.48 ,91
3.49 ,79
3.5 ,95
3.51 ,78
3.52 ,85
3.53 ,104
3.54 ,85
3.55 ,72
3.56 ,77
3.57 ,97
3.58 ,90
3.59 ,92
3.6 ,72
3.61 ,90
3.62 ,94
3.63 ,88
3.64 ,78
3.65 ,87
3.66 ,100
3.67 ,84
3.68 ,88
3.69 ,80
3.7 ,86
3.71 ,82
3.72 ,102
3.73 ,92
3.74 ,91
3.75 ,87
3.76 ,88
3.77 ,102
3.78 ,84
3.79 ,92
3.8 ,92
3.81 ,84
3.82 ,89
3.83 ,85
3.84 ,100
3.85 ,91
3.86 ,94
3.87 ,100
3.88 ,101
3.89 ,73
3.9 ,67
3.91 ,94
3.92 ,95
3.93 ,107
3.94 ,100
3.95 ,88
3.96 ,88
3.97 ,111
3.98 ,93
3.99 ,114
4 ,84
4.01 ,99
4.02 ,81
4.03 ,91
4.04 ,94
4.05 ,93
4.06 ,103
4.07 ,101
4.08 ,106
4.09 ,91
4.1 ,96
4.11 ,96
4.12 ,100
4.13 ,106
4.14 ,97
4.15 ,71
4.16 ,97
4.17 ,93
4.18 ,101
4.19 ,104
4.2 ,109
4.21 ,87
4.22 ,105
4.23 ,85
4.24 ,102
4.25 ,103
4.26 ,94
4.27 ,107
4.28 ,109
4.29 ,110
4.3 ,89
4.31 ,95
4.32 ,109
4.33 ,110
4.34 ,90
4.35 ,126
4.36 ,120
4.37 ,98
4.38 ,102
4.39 ,124
4.4 ,128
4.41 ,123
4.42 ,113
4.43 ,100
4.44 ,119
4.45 ,116
4.46 ,114
4.47 ,103
4.48 ,109
4.49 ,108
4.5 ,110
4.51 ,113
4.52 ,115
4.53 ,102
4.54 ,130
4.55 ,131
4.56 ,125
4.57 ,102
4.58 ,111
4.59 ,122
4.6 ,139
4.61 ,107
4.62 ,138
4.63 ,115
4.64 ,140
4.65 ,134
4.66 ,117
4.67 ,129
4.68 ,136
4.69 ,125
4.7 ,133
4.71 ,96
4.72 ,123
4.73 ,105
4.74 ,140
4.75 ,127
4.76 ,126
4.77 ,123
4.78 ,111
4.79 ,135
4.8 ,136
4.81 ,109
4.82 ,136
4.83 ,142
4.84 ,139
4.85 ,123
4.86 ,126
4.87 ,130
4.88 ,133
4.89 ,131
4.9 ,113
4.91 ,140
4.92 ,137
4.93 ,131
4.94 ,130
4.95 ,155
4.96 ,140
4.97 ,142
4.98 ,137
4.99 ,153
5 ,147
5.01 ,133
5.02 ,143
5.03 ,148
5.04 ,143
5.05 ,129
5.06 ,131
5.07 ,139
5.08 ,116
5.09 ,147
5.1 ,143
5.11 ,141
5.12 ,152
5.13 ,138
5.14 ,143
5.15 ,142
5.16 ,152
5.17 ,137
5.18 ,159
5.19 ,141
5.2 ,128
5.21 ,134
5.22 ,157
5.23 ,130
5.24 ,145
5.25 ,183
5.26 ,153
5.27 ,156
5.28 ,134
5.29 ,157
5.3 ,140
5.31 ,148
5.32 ,131
5.33 ,119
5.34 ,146
5.35 ,167
5.36 ,152
5.37 ,162
5.38 ,146
5.39 ,160
5.4 ,161
5.41 ,157
5.42 ,181
5.43 ,162
5.44 ,146
5.45 ,138
5.46 ,156
5.47 ,148
5.48 ,160
5.49 ,173
5.5 ,164
5.51 ,151
5.52 ,164
5.53 ,163
5.54 ,161
5.55 ,152
5.56 ,156
5.57 ,148
5.58 ,170
5.59 ,163
5.6 ,175
5.61 ,174
5.62 ,165
5.63 ,156
5.64 ,172
5.65 ,169
5.66 ,161
5.67 ,157
5.68 ,178
5.69 ,146
5.7 ,176
5.71 ,150
5.72 ,194
5.73 ,158
5.74 ,174
5.75 ,162
5.76 ,165
5.77 ,190
5.78 ,185
5.79 ,149
5.8 ,166
5.81 ,145
5.82 ,175
5.83 ,154
5.84 ,174
5.85 ,176
5.86 ,175
5.87 ,196
5.88 ,194
5.89 ,163
5.9 ,196
5.91 ,202
5.92 ,166
5.93 ,177
5.94 ,180
5.95 ,174
5.96 ,175
5.97 ,183
5.98 ,177
5.99 ,169
6 ,175
6.01 ,175
6.02 ,166
6.03 ,190
6.04 ,191
6.05 ,172
6.06 ,189
6.07 ,163
6.08 ,180
6.09 ,186
6.1 ,187
6.11 ,193
6.12 ,178
6.13 ,184
6.14 ,172
6.15 ,182
6.16 ,170
6.17 ,185
6.18 ,216
6.19 ,164
6.2 ,205
6.21 ,213
6.22 ,198
6.23 ,172
6.24 ,216
6.25 ,201
6.26 ,216
6.27 ,203
6.28 ,184
6.29 ,209
6.3 ,171
6.31 ,197
6.32 ,189
6.33 ,170
6.34 ,209
6.35 ,198
6.36 ,198
6.37 ,224
6.38 ,237
6.39 ,194
6.4 ,209
6.41 ,235
6.42 ,204
6.43 ,201
6.44 ,224
6.45 ,222
6.46 ,209
6.47 ,196
6.48 ,216
6.49 ,203
6.5 ,203
6.51 ,220
6.52 ,211
6.53 ,206
6.54 ,214
6.55 ,208
6.56 ,201
6.57 ,211
6.58 ,223
6.59 ,220
6.6 ,229
6.61 ,207
6.62 ,225
6.63 ,177
6.64 ,229
6.65 ,199
6.66 ,226
6.67 ,235
6.68 ,206
6.69 ,195
6.7 ,203
6.71 ,213
6.72 ,214
6.73 ,215
6.74 ,185
6.75 ,190
6.76 ,233
6.77 ,210
6.78 ,192
6.79 ,218
6.8 ,207
6.81 ,224
6.82 ,211
6.83 ,213
6.84 ,216
6.85 ,223
6.86 ,256
6.87 ,253
6.88 ,220
6.89 ,222
6.9 ,232
6.91 ,220
6.92 ,217
6.93 ,237
6.94 ,227
6.95 ,222
6.96 ,195
6.97 ,215
6.98 ,247
6.99 ,211
7 ,241
7.01 ,239
7.02 ,235
7.03 ,233
7.04 ,218
7.05 ,216
7.06 ,258
7.07 ,231
7.08 ,246
7.09 ,269
7.1 ,251
7.11 ,218
7.12 ,257
7.13 ,253
7.14 ,258
7.15 ,271
7.16 ,246
7.17 ,222
7.18 ,250
7.19 ,241
7.2 ,239
7.21 ,231
7.22 ,269
7.23 ,252
7.24 ,232
7.25 ,271
7.26 ,245
7.27 ,258
7.28 ,238
7.29 ,246
7.3 ,249
7.31 ,222
7.32 ,258
7.33 ,262
7.34 ,272
7.35 ,212
7.36 ,243
7.37 ,275
7.38 ,227
7.39 ,238
7.4 ,269
7.41 ,245
7.42 ,270
7.43 ,245
7.44 ,251
7.45 ,281
7.46 ,237
7.47 ,245
7.48 ,263
7.49 ,222
7.5 ,251
7.51 ,252
7.52 ,266
7.53 ,272
7.54 ,283
7.55 ,247
7.56 ,247
7.57 ,268
7.58 ,257
7.59 ,249
7.6 ,258
7.61 ,250
7.62 ,272
7.63 ,257
7.64 ,284
7.65 ,234
7.66 ,284
7.67 ,256
7.68 ,272
7.69 ,239
7.7 ,279
7.71 ,263
7.72 ,276
7.73 ,257
7.74 ,279
7.75 ,283
7.76 ,298
7.77 ,264
7.78 ,285
7.79 ,294
7.8 ,287
7.81 ,269
7.82 ,286
7.83 ,261
7.84 ,268
7.85 ,274
7.86 ,282
7.87 ,249
7.88 ,245
7.89 ,273
7.9 ,262
7.91 ,321
7.92 ,250
7.93 ,270
7.94 ,272
7.95 ,291
7.96 ,310
7.97 ,285
7.98 ,281
7.99 ,287
8 ,301
8.01 ,268
8.02 ,278
8.03 ,276
8.04 ,274
8.05 ,264
8.06 ,281
8.07 ,256
8.08 ,280
8.09 ,294
8.1 ,253
8.11 ,272
8.12 ,299
8.13 ,262
8.14 ,281
8.15 ,283
8.16 ,294
8.17 ,283
8.18 ,271
8.19 ,278
8.2 ,313
8.21 ,280
8.22 ,299
8.23 ,314
8.24 ,287
8.25 ,304
8.26 ,271
8.27 ,311
8.28 ,339
8.29 ,314
8.3 ,283
8.31 ,317
8.32 ,341
8.33 ,314
8.34 ,312
8.35 ,277
8.36 ,268
8.37 ,304
8.38 ,309
8.39 ,303
8.4 ,276
8.41 ,281
8.42 ,279
8.43 ,279
8.44 ,285
8.45 ,307
8.46 ,290
8.47 ,287
8.48 ,343
8.49 ,341
8.5 ,287
8.51 ,304
8.52 ,283
8.53 ,322
8.54 ,308
8.55 ,293
8.56 ,287
8.57 ,304
8.58 ,333
8.59 ,313
8.6 ,276
8.61 ,302
8.62 ,308
8.63 ,303
8.64 ,311
8.65 ,296
8.66 ,300
8.67 ,285
8.68 ,285
8.69 ,299
8.7 ,310
8.71 ,290
8.72 ,269
8.73 ,315
8.74 ,324
8.75 ,322
8.76 ,310
8.77 ,288
8.78 ,310
8.79 ,338
8.8 ,335
8.81 ,303
8.82 ,294
8.83 ,292
8.84 ,335
8.85 ,326
8.86 ,337
8.87 ,326
8.88 ,344
8.89 ,311
8.9 ,321
8.91 ,323
8.92 ,319
8.93 ,346
8.94 ,328
8.95 ,305
8.96 ,317
8.97 ,357
8.98 ,309
8.99 ,329
9 ,304
9.01 ,336
9.02 ,324
9.03 ,335
9.04 ,326
9.05 ,317
9.06 ,324
9.07 ,345
9.08 ,320
9.09 ,350
9.1 ,314
9.11 ,301
9.12 ,341
9.13 ,313
9.14 ,307
9.15 ,335
9.16 ,338
9.17 ,336
9.18 ,330
9.19 ,338
9.2 ,352
9.21 ,373
9.22 ,356
9.23 ,348
9.24 ,354
9.25 ,328
9.26 ,311
9.27 ,303
9.28 ,330
9.29 ,338
9.3 ,382
9.31 ,334
9.32 ,363
9.33 ,334
9.34 ,376
9.35 ,356
9.36 ,320
9.37 ,326
9.38 ,341
9.39 ,349
9.4 ,341
9.41 ,310
9.42 ,337
9.43 ,347
9.44 ,337
9.45 ,340
9.46 ,345
9.47 ,326
9.48 ,324
9.49 ,383
9.5 ,355
9.51 ,330
9.52 ,377
9.53 ,307
9.54 ,327
9.55 ,335
9.56 ,331
9.57 ,354
9.58 ,351
9.59 ,360
9.6 ,379
9.61 ,320
9.62 ,338
9.63 ,349
9.64 ,357
9.65 ,366
9.66 ,350
9.67 ,360
9.68 ,388
9.69 ,357
9.7 ,375
9.71 ,381
9.72 ,370
9.73 ,351
9.74 ,400
9.75 ,387
9.76 ,336
9.77 ,338
9.78 ,390
9.79 ,344
9.8 ,362
9.81 ,340
9.82 ,404
9.83 ,363
9.84 ,360
9.85 ,355
9.86 ,372
9.87 ,347
9.88 ,386
9.89 ,348
9.9 ,397
9.91 ,362
9.92 ,375
9.93 ,368
9.94 ,363
9.95 ,378
9.96 ,387
9.97 ,377
9.98 ,388
9.99 ,356
10 ,380
10.01 ,384
10.02 ,387
10.03 ,379
10.04 ,373
10.05 ,371
10.06 ,397
10.07 ,386
10.08 ,378
10.09 ,426
10.1 ,366
10.11 ,386
10.12 ,363
10.13 ,408
10.14 ,381
10.15 ,378
10.16 ,417
10.17 ,388
10.18 ,373
10.19 ,351
10.2 ,346
10.21 ,377
10.22 ,372
10.23 ,424
10.24 ,360
10.25 ,354
10.26 ,338
10.27 ,387
10.28 ,393
10.29 ,381
10.3 ,354
10.31 ,387
10.32 ,400
10.33 ,405
10.34 ,360
10.35 ,394
10.36 ,379
10.37 ,396
10.38 ,404
10.39 ,393
10.4 ,416
10.41 ,400
10.42 ,379
10.43 ,401
10.44 ,366
10.45 ,400
10.46 ,418
10.47 ,391
10.48 ,382
10.49 ,406
10.5 ,388
10.51 ,419
10.52 ,390
10.53 ,395
10.54 ,420
10.55 ,373
10.56 ,414
10.57 ,408
10.58 ,404
10.59 ,404
10.6 ,368
10.61 ,393
10.62 ,402
10.63 ,399
10.64 ,418
10.65 ,376
10.66 ,416
10.67 ,434
10.68 ,374
10.69 ,423
10.7 ,385
10.71 ,385
10.72 ,391
10.73 ,405
10.74 ,401
10.75 ,409
10.76 ,366
10.77 ,400
10.78 ,373
10.79 ,410
10.8 ,412
10.81 ,428
10.82 ,398
10.83 ,395
10.84 ,406
10.85 ,407
10.86 ,376
10.87 ,403
10.88 ,429
10.89 ,411
10.9 ,414
10.91 ,400
10.92 ,414
10.93 ,378
10.94 ,405
10.95 ,431
10.96 ,456
10.97 ,423
10.98 ,418
10.99 ,378
11 ,433
11.01 ,430
11.02 ,386
11.03 ,398
11.04 ,410
11.05 ,408
11.06 ,388
11.07 ,446
11.08 ,442
11.09 ,409
11.1 ,422
11.11 ,407
11.12 ,424
11.13 ,414
11.14 ,383
11.15 ,395
11.16 ,381
11.17 ,395
11.18 ,397
11.19 ,399
11.2 ,403
11.21 ,379
11.22 ,372
11.23 ,410
11.24 ,439
11.25 ,447
11.26 ,402
11.27 ,400
11.28 ,409
11.29 ,426
11.3 ,436
11.31 ,410
11.32 ,395
11.33 ,447
11.34 ,423
11.35 ,407
11.36 ,412
11.37 ,422
11.38 ,417
11.39 ,441
11.4 ,410
11.41 ,422
11.42 ,432
11.43 ,409
11.44 ,453
11.45 ,422
11.46 ,432
11.47 ,429
11.48 ,420
11.49 ,431
11.5 ,410
11.51 ,414
11.52 ,444
11.53 ,445
11.54 ,450
11.55 ,398
11.56 ,379
11.57 ,375
11.58 ,437
11.59 ,438
11.6 ,434
11.61 ,439
11.62 ,393
11.63 ,428
11.64 ,403
11.65 ,431
11.66 ,426
11.67 ,399
11.68 ,419
11.69 ,426
11.7 ,430
11.71 ,415
11.72 ,427
11.73 ,461
11.74 ,411
11.75 ,417
11.76 ,405
11.77 ,453
11.78 ,436
11.79 ,419
11.8 ,429
11.81 ,416
11.82 ,428
11.83 ,447
11.84 ,447
11.85 ,404
11.86 ,415
11.87 ,418
11.88 ,452
11.89 ,461
11.9 ,457
11.91 ,414
11.92 ,429
11.93 ,439
11.94 ,399
11.95 ,447
11.96 ,388
11.97 ,404
11.98 ,459
11.99 ,451
12 ,431
12.01 ,422
12.02 ,451
12.03 ,464
12.04 ,438
12.05 ,465
12.06 ,418
12.07 ,451
12.08 ,439
12.09 ,418
12.1 ,495
12.11 ,453
12.12 ,477
12.13 ,439
12.14 ,411
12.15 ,447
12.16 ,418
12.17 ,481
12.18 ,407
12.19 ,394
12.2 ,434
12.21 ,475
12.22 ,451
12.23 ,471
12.24 ,449
12.25 ,448
12.26 ,464
12.27 ,450
12.28 ,440
12.29 ,426
12.3 ,465
12.31 ,449
12.32 ,455
12.33 ,437
12.34 ,455
12.35 ,483
12.36 ,448
12.37 ,474
12.38 ,429
12.39 ,426
12.4 ,439
12.41 ,407
12.42 ,495
12.43 ,454
12.44 ,485
12.45 ,465
12.46 ,445
12.47 ,415
12.48 ,458
12.49 ,446
12.5 ,406
12.51 ,461
12.52 ,433
12.53 ,452
12.54 ,398
12.55 ,437
12.56 ,480
12.57 ,475
12.58 ,406
12.59 ,447
12.6 ,461
12.61 ,448
12.62 ,437
12.63 ,456
12.64 ,470
12.65 ,463
12.66 ,441
12.67 ,454
12.68 ,469
12.69 ,439
12.7 ,422
12.71 ,431
12.72 ,450
12.73 ,453
12.74 ,472
12.75 ,472
12.76 ,474
12.77 ,464
12.78 ,445
12.79 ,461
12.8 ,442
12.81 ,444
12.82 ,495
12.83 ,479
12.84 ,477
12.85 ,484
12.86 ,470
12.87 ,457
12.88 ,470
12.89 ,430
12.9 ,469
12.91 ,497
12.92 ,451
12.93 ,463
12.94 ,505
12.95 ,494
12.96 ,433
12.97 ,425
12.98 ,483
12.99 ,442
13 ,480
13.01 ,452
13.02 ,457
13.03 ,465
13.04 ,485
13.05 ,460
13.06 ,473
13.07 ,472
13.08 ,468
13.09 ,432
13.1 ,485
13.11 ,446
13.12 ,539
13.13 ,474
13.14 ,458
13.15 ,523
13.16 ,481
13.17 ,464
13.18 ,413
13.19 ,480
13.2 ,501
13.21 ,469
13.22 ,448
13.23 ,448
13.24 ,492
13.25 ,517
13.26 ,473
13.27 ,467
13.28 ,500
13.29 ,483
13.3 ,508
13.31 ,458
13.32 ,451
13.33 ,517
13.34 ,476
13.35 ,462
13.36 ,503
13.37 ,498
13.38 ,490
13.39 ,473
13.4 ,468
13.41 ,500
13.42 ,489
13.43 ,481
13.44 ,477
13.45 ,489
13.46 ,467
13.47 ,435
13.48 ,502
13.49 ,482
13.5 ,472
13.51 ,489
13.52 ,480
13.53 ,473
13.54 ,481
13.55 ,486
13.56 ,463
13.57 ,439
13.58 ,508
13.59 ,517
13.6 ,512
13.61 ,441
13.62 ,530
13.63 ,453
13.64 ,496
13.65 ,508
13.66 ,445
13.67 ,492
13.68 ,480
13.69 ,506
13.7 ,499
13.71 ,493
13.72 ,503
13.73 ,512
13.74 ,518
13.75 ,507
13.76 ,493
13.77 ,533
13.78 ,472
13.79 ,470
13.8 ,497
13.81 ,507
13.82 ,456
13.83 ,499
13.84 ,436
13.85 ,512
13.86 ,462
13.87 ,413
13.88 ,490
13.89 ,472
13.9 ,470
13.91 ,498
13.92 ,499
13.93 ,531
13.94 ,481
13.95 ,452
13.96 ,480
13.97 ,466
13.98 ,469
13.99 ,513
14 ,502
14.01 ,452
14.02 ,465
14.03 ,490
14.04 ,498
14.05 ,491
14.06 ,518
14.07 ,470
14.08 ,525
14.09 ,526
14.1 ,443
14.11 ,520
14.12 ,501
14.13 ,479
14.14 ,484
14.15 ,462
14.16 ,488
14.17 ,505
14.18 ,500
14.19 ,505
14.2 ,510
14.21 ,524
14.22 ,505
14.23 ,501
14.24 ,498
14.25 ,470
14.26 ,514
14.27 ,517
14.28 ,534
14.29 ,501
14.3 ,534
14.31 ,496
14.32 ,470
14.33 ,510
14.34 ,530
14.35 ,495
14.36 ,455
14.37 ,460
14.38 ,450
14.39 ,478
14.4 ,483
14.41 ,493
14.42 ,496
14.43 ,494
14.44 ,482
14.45 ,452
14.46 ,492
14.47 ,508
14.48 ,474
14.49 ,472
14.5 ,451
14.51 ,500
14.52 ,498
14.53 ,483
14.54 ,482
14.55 ,487
14.56 ,467
14.57 ,510
14.58 ,496
14.59 ,491
14.6 ,526
14.61 ,460
14.62 ,489
14.63 ,446
14.64 ,494
14.65 ,450
14.66 ,465
14.67 ,513
14.68 ,488
14.69 ,475
14.7 ,467
14.71 ,481
14.72 ,539
14.73 ,509
14.74 ,470
14.75 ,480
14.76 ,443
14.77 ,541
14.78 ,478
14.79 ,503
14.8 ,499
14.81 ,481
14.82 ,502
14.83 ,477
14.84 ,496
14.85 ,501
14.86 ,502
14.87 ,469
14.88 ,486
14.89 ,476
14.9 ,523
14.91 ,514
14.92 ,493
14.93 ,516
14.94 ,520
14.95 ,472
14.96 ,563
14.97 ,482
14.98 ,517
14.99 ,488
15 ,489
15.01 ,469
15.02 ,513
15.03 ,490
15.04 ,491
15.05 ,482
15.06 ,512
15.07 ,500
15.08 ,479
15.09 ,469
15.1 ,496
15.11 ,506
15.12 ,488
15.13 ,476
15.14 ,473
15.15 ,501
15.16 ,492
15.17 ,512
15.18 ,520
15.19 ,497
15.2 ,482
15.21 ,487
15.22 ,481
15.23 ,507
15.24 ,537
15.25 ,496
15.26 ,474
15.27 ,554
15.28 ,488
15.29 ,535
15.3 ,479
15.31 ,470
15.32 ,484
15.33 ,514
15.34 ,515
15.35 ,526
15.36 ,507
15.37 ,515
15.38 ,477
15.39 ,481
15.4 ,484
15.41 ,529
15.42 ,507
15.43 ,568
15.44 ,499
15.45 ,490
15.46 ,481
15.47 ,527
15.48 ,486
15.49 ,471
15.5 ,502
15.51 ,504
15.52 ,519
15.53 ,481
15.54 ,466
15.55 ,514
15.56 ,493
15.57 ,495
15.58 ,544
15.59 ,510
15.6 ,485
15.61 ,514
15.62 ,532
15.63 ,468
15.64 ,536
15.65 ,497
15.66 ,513
15.67 ,457
15.68 ,511
15.69 ,552
15.7 ,483
15.71 ,539
15.72 ,530
15.73 ,519
15.74 ,510
15.75 ,511
15.76 ,483
15.77 ,513
15.78 ,528
15.79 ,506
15.8 ,525
15.81 ,546
15.82 ,484
15.83 ,525
15.84 ,542
15.85 ,480
15.86 ,518
15.87 ,489
15.88 ,493
15.89 ,494
15.9 ,521
15.91 ,507
15.92 ,474
15.93 ,514
15.94 ,488
15.95 ,475
15.96 ,539
15.97 ,523
15.98 ,484
15.99 ,513
16 ,480
16.01 ,502
16.02 ,528
16.03 ,498
16.04 ,512
16.05 ,466
16.06 ,502
16.07 ,475
16.08 ,486
16.09 ,492
16.1 ,494
16.11 ,475
16.12 ,492
16.13 ,539
16.14 ,505
16.15 ,516
16.16 ,502
16.17 ,496
16.18 ,483
16.19 ,508
16.2 ,519
16.21 ,530
16.22 ,491
16.23 ,532
16.24 ,494
16.25 ,471
16.26 ,496
16.27 ,496
16.28 ,468
16.29 ,506
16.3 ,467
16.31 ,509
16.32 ,476
16.33 ,539
16.34 ,460
16.35 ,518
16.36 ,523
16.37 ,492
16.38 ,556
16.39 ,521
16.4 ,505
16.41 ,499
16.42 ,498
16.43 ,531
16.44 ,490
16.45 ,486
16.46 ,483
16.47 ,483
16.48 ,498
16.49 ,543
16.5 ,493
16.51 ,512
16.52 ,492
16.53 ,477
16.54 ,506
16.55 ,497
16.56 ,542
16.57 ,490
16.58 ,487
16.59 ,510
16.6 ,465
16.61 ,487
16.62 ,479
16.63 ,533
16.64 ,497
16.65 ,520
16.66 ,489
16.67 ,512
16.68 ,509
16.69 ,516
16.7 ,554
16.71 ,513
16.72 ,506
16.73 ,480
16.74 ,475
16.75 ,493
16.76 ,499
16.77 ,487
16.78 ,510
16.79 ,498
16.8 ,508
16.81 ,507
16.82 ,526
16.83 ,512
16.84 ,486
16.85 ,521
16.86 ,521
16.87 ,502
16.88 ,464
16.89 ,518
16.9 ,516
16.91 ,465
16.92 ,453
16.93 ,497
16.94 ,470
16.95 ,505
16.96 ,477
16.97 ,456
16.98 ,467
16.99 ,518
17 ,501
17.01 ,509
17.02 ,471
17.03 ,484
17.04 ,522
17.05 ,472
17.06 ,506
17.07 ,512
17.08 ,503
17.09 ,493
17.1 ,453
17.11 ,514
17.12 ,483
17.13 ,470
17.14 ,507
17.15 ,514
17.16 ,506
17.17 ,493
17.18 ,490
17.19 ,478
17.2 ,472
17.21 ,466
17.22 ,479
17.23 ,486
17.24 ,494
17.25 ,495
17.26 ,521
17.27 ,512
17.28 ,488
17.29 ,491
17.3 ,518
17.31 ,532
17.32 ,478
17.33 ,512
17.34 ,491
17.35 ,536
17.36 ,463
17.37 ,481
17.38 ,509
17.39 ,489
17.4 ,490
17.41 ,477
17.42 ,522
17.43 ,489
17.44 ,486
17.45 ,449
17.46 ,489
17.47 ,522
17.48 ,473
17.49 ,484
17.5 ,513
17.51 ,466
17.52 ,478
17.53 ,477
17.54 ,488
17.55 ,481
17.56 ,489
17.57 ,499
17.58 ,499
17.59 ,518
17.6 ,493
17.61 ,487
17.62 ,490
17.63 ,481
17.64 ,455
17.65 ,499
17.66 ,473
17.67 ,486
17.68 ,481
17.69 ,451
17.7 ,488
17.71 ,506
17.72 ,520
17.73 ,507
17.74 ,478
17.75 ,476
17.76 ,472
17.77 ,490
17.78 ,506
17.79 ,480
17.8 ,481
17.81 ,478
17.82 ,484
17.83 ,466
17.84 ,488
17.85 ,468
17.86 ,488
17.87 ,474
17.88 ,507
17.89 ,502
17.9 ,491
17.91 ,481
17.92 ,543
17.93 ,456
17.94 ,468
17.95 ,451
17.96 ,465
17.97 ,476
17.98 ,495
17.99 ,500
18 ,475
18.01 ,471
18.02 ,485
18.03 ,532
18.04 ,484
18.05 ,502
18.06 ,514
18.07 ,453
18.08 ,479
18.09 ,488
18.1 ,468
18.11 ,511
18.12 ,498
18.13 ,498
18.14 ,458
18.15 ,511
18.16 ,485
18.17 ,495
18.18 ,487
18.19 ,528
18.2 ,487
18.21 ,486
18.22 ,494
18.23 ,476
18.24 ,521
18.25 ,507
18.26 ,487
18.27 ,483
18.28 ,477
18.29 ,459
18.3 ,504
18.31 ,450
18.32 ,481
18.33 ,526
18.34 ,461
18.35 ,479
18.36 ,474
18.37 ,480
18.38 ,454
18.39 ,474
18.4 ,440
18.41 ,459
18.42 ,498
18.43 ,475
18.44 ,515
18.45 ,485
18.46 ,502
18.47 ,438
18.48 ,468
18.49 ,493
18.5 ,487
18.51 ,443
18.52 ,446
18.53 ,459
18.54 ,455
18.55 ,487
18.56 ,473
18.57 ,465
18.58 ,455
18.59 ,532
18.6 ,491
18.61 ,460
18.62 ,499
18.63 ,484
18.64 ,460
18.65 ,493
18.66 ,450
18.67 ,414
18.68 ,455
18.69 ,452
18.7 ,468
18.71 ,494
18.72 ,444
18.73 ,466
18.74 ,487
18.75 ,503
18.76 ,431
18.77 ,469
18.78 ,489
18.79 ,393
18.8 ,485
18.81 ,430
18.82 ,446
18.83 ,434
18.84 ,523
18.85 ,479
18.86 ,506
18.87 ,432
18.88 ,470
18.89 ,462
18.9 ,450
18.91 ,468
18.92 ,478
18.93 ,479
18.94 ,454
18.95 ,487
18.96 ,462
18.97 ,453
18.98 ,470
18.99 ,471
19 ,496
19.01 ,467
19.02 ,482
19.03 ,478
19.04 ,444
19.05 ,454
19.06 ,467
19.07 ,478
19.08 ,433
19.09 ,410
19.1 ,457
19.11 ,474
19.12 ,468
19.13 ,463
19.14 ,438
19.15 ,474
19.16 ,464
19.17 ,441
19.18 ,455
19.19 ,458
19.2 ,443
19.21 ,431
19.22 ,450
19.23 ,423
19.24 ,428
19.25 ,422
19.26 ,452
19.27 ,452
19.28 ,466
19.29 ,442
19.3 ,477
19.31 ,453
19.32 ,474
19.33 ,445
19.34 ,451
19.35 ,430
19.36 ,476
19.37 ,455
19.38 ,443
19.39 ,478
19.4 ,439
19.41 ,463
19.42 ,448
19.43 ,468
19.44 ,464
19.45 ,457
19.46 ,478
19.47 ,476
19.48 ,474
19.49 ,442
19.5 ,451
19.51 ,502
19.52 ,397
19.53 ,444
19.54 ,442
19.55 ,438
19.56 ,473
19.57 ,456
19.58 ,441
19.59 ,442
19.6 ,443
19.61 ,451
19.62 ,424
19.63 ,450
19.64 ,434
19.65 ,436
19.66 ,435
19.67 ,437
19.68 ,423
19.69 ,484
19.7 ,446
19.71 ,385
19.72 ,462
19.73 ,425
19.74 ,445
19.75 ,413
19.76 ,472
19.77 ,440
19.78 ,459
19.79 ,462
19.8 ,450
19.81 ,459
19.82 ,439
19.83 ,422
19.84 ,399
19.85 ,435
19.86 ,458
19.87 ,446
19.88 ,448
19.89 ,442
19.9 ,431
19.91 ,424
19.92 ,462
19.93 ,448
19.94 ,476
19.95 ,418
19.96 ,380
19.97 ,434
19.98 ,429
19.99 ,459
20 ,437
20.01 ,463
20.02 ,364
20.03 ,465
20.04 ,388
20.05 ,425
20.06 ,433
20.07 ,416
20.08 ,421
20.09 ,412
20.1 ,422
20.11 ,422
20.12 ,432
20.13 ,434
20.14 ,462
20.15 ,463
20.16 ,443
20.17 ,403
20.18 ,464
20.19 ,418
20.2 ,431
20.21 ,391
20.22 ,453
20.23 ,419
20.24 ,416
20.25 ,430
20.26 ,411
20.27 ,442
20.28 ,415
20.29 ,416
20.3 ,473
20.31 ,404
20.32 ,412
20.33 ,395
20.34 ,422
20.35 ,382
20.36 ,411
20.37 ,439
20.38 ,392
20.39 ,456
20.4 ,431
20.41 ,406
20.42 ,410
20.43 ,391
20.44 ,412
20.45 ,446
20.46 ,433
20.47 ,413
20.48 ,396
20.49 ,412
20.5 ,404
20.51 ,384
20.52 ,447
20.53 ,406
20.54 ,417
20.55 ,440
20.56 ,406
20.57 ,398
20.58 ,410
20.59 ,415
20.6 ,407
20.61 ,408
20.62 ,402
20.63 ,399
20.64 ,390
20.65 ,407
20.66 ,435
20.67 ,399
20.68 ,425
20.69 ,413
20.7 ,402
20.71 ,393
20.72 ,421
20.73 ,409
20.74 ,390
20.75 ,389
20.76 ,410
20.77 ,427
20.78 ,430
20.79 ,406
20.8 ,382
20.81 ,379
20.82 ,424
20.83 ,407
20.84 ,412
20.85 ,404
20.86 ,384
20.87 ,444
20.88 ,397
20.89 ,388
20.9 ,376
20.91 ,369
20.92 ,393
20.93 ,386
20.94 ,389
20.95 ,386
20.96 ,385
20.97 ,390
20.98 ,367
20.99 ,415
21 ,379
21.01 ,383
21.02 ,373
21.03 ,404
21.04 ,386
21.05 ,388
21.06 ,391
21.07 ,409
21.08 ,403
21.09 ,413
21.1 ,396
21.11 ,380
21.12 ,375
21.13 ,392
21.14 ,330
21.15 ,358
21.16 ,409
21.17 ,382
21.18 ,393
21.19 ,387
21.2 ,330
21.21 ,398
21.22 ,396
21.23 ,356
21.24 ,378
21.25 ,383
21.26 ,386
21.27 ,365
21.28 ,366
21.29 ,355
21.3 ,360
21.31 ,369
21.32 ,403
21.33 ,395
21.34 ,363
21.35 ,393
21.36 ,396
21.37 ,331
21.38 ,367
21.39 ,396
21.4 ,376
21.41 ,363
21.42 ,345
21.43 ,389
21.44 ,349
21.45 ,367
21.46 ,424
21.47 ,344
21.48 ,381
21.49 ,371
21.5 ,417
21.51 ,361
21.52 ,372
21.53 ,360
21.54 ,396
21.55 ,400
21.56 ,368
21.57 ,314
21.58 ,347
21.59 ,360
21.6 ,354
21.61 ,376
21.62 ,376
21.63 ,344
21.64 ,327
21.65 ,357
21.66 ,380
21.67 ,355
21.68 ,348
21.69 ,358
21.7 ,336
21.71 ,367
21.72 ,368
21.73 ,336
21.74 ,357
21.75 ,353
21.76 ,332
21.77 ,367
21.78 ,345
21.79 ,393
21.8 ,336
21.81 ,344
21.82 ,375
21.83 ,365
21.84 ,386
21.85 ,368
21.86 ,384
21.87 ,360
21.88 ,348
21.89 ,358
21.9 ,362
21.91 ,361
21.92 ,335
21.93 ,333
21.94 ,364
21.95 ,364
21.96 ,342
21.97 ,372
21.98 ,364
21.99 ,382
22 ,343
22.01 ,341
22.02 ,325
22.03 ,368
22.04 ,320
22.05 ,366
22.06 ,344
22.07 ,339
22.08 ,317
22.09 ,344
22.1 ,354
22.11 ,369
22.12 ,336
22.13 ,353
22.14 ,312
22.15 ,365
22.16 ,358
22.17 ,332
22.18 ,357
22.19 ,339
22.2 ,366
22.21 ,319
22.22 ,336
22.23 ,345
22.24 ,324
22.25 ,336
22.26 ,327
22.27 ,328
22.28 ,368
22.29 ,313
22.3 ,334
22.31 ,352
22.32 ,328
22.33 ,341
22.34 ,350
22.35 ,334
22.36 ,323
22.37 ,302
22.38 ,353
22.39 ,339
22.4 ,323
22.41 ,357
22.42 ,338
22.43 ,337
22.44 ,299
22.45 ,318
22.46 ,355
22.47 ,313
22.48 ,337
22.49 ,323
22.5 ,353
22.51 ,336
22.52 ,314
22.53 ,309
22.54 ,293
22.55 ,335
22.56 ,319
22.57 ,318
22.58 ,338
22.59 ,343
22.6 ,334
22.61 ,327
22.62 ,329
22.63 ,342
22.64 ,304
22.65 ,343
22.66 ,343
22.67 ,335
22.68 ,323
22.69 ,349
22.7 ,333
22.71 ,326
22.72 ,295
22.73 ,319
22.74 ,308
22.75 ,335
22.76 ,300
22.77 ,311
22.78 ,338
22.79 ,313
22.8 ,320
22.81 ,308
22.82 ,322
22.83 ,287
22.84 ,303
22.85 ,303
22.86 ,293
22.87 ,293
22.88 ,329
22.89 ,295
22.9 ,277
22.91 ,324
22.92 ,327
22.93 ,305
22.94 ,344
22.95 ,285
22.96 ,282
22.97 ,322
22.98 ,310
22.99 ,335
23 ,316
23.01 ,299
23.02 ,318
23.03 ,317
23.04 ,313
23.05 ,294
23.06 ,304
23.07 ,287
23.08 ,308
23.09 ,339
23.1 ,286
23.11 ,281
23.12 ,314
23.13 ,288
23.14 ,318
23.15 ,287
23.16 ,293
23.17 ,284
23.18 ,285
23.19 ,270
23.2 ,313
23.21 ,306
23.22 ,314
23.23 ,291
23.24 ,257
23.25 ,287
23.26 ,317
23.27 ,319
23.28 ,295
23.29 ,287
23.3 ,268
23.31 ,289
23.32 ,289
23.33 ,269
23.34 ,272
23.35 ,287
23.36 ,278
23.37 ,291
23.38 ,283
23.39 ,265
23.4 ,259
23.41 ,274
23.42 ,291
23.43 ,300
23.44 ,250
23.45 ,251
23.46 ,257
23.47 ,294
23.48 ,242
23.49 ,273
23.5 ,264
23.51 ,294
23.52 ,280
23.53 ,279
23.54 ,287
23.55 ,270
23.56 ,237
23.57 ,289
23.58 ,240
23.59 ,261
23.6 ,259
23.61 ,275
23.62 ,258
23.63 ,274
23.64 ,303
23.65 ,262
23.66 ,259
23.67 ,266
23.68 ,304
23.69 ,274
23.7 ,268
23.71 ,279
23.72 ,268
23.73 ,271
23.74 ,263
23.75 ,250
23.76 ,258
23.77 ,259
23.78 ,251
23.79 ,234
23.8 ,275
23.81 ,245
23.82 ,252
23.83 ,246
23.84 ,245
23.85 ,265
23.86 ,260
23.87 ,245
23.88 ,229
23.89 ,271
23.9 ,260
23.91 ,253
23.92 ,267
23.93 ,247
23.94 ,260
23.95 ,232
23.96 ,211
23.97 ,243
23.98 ,269
23.99 ,257
24 ,269
24.01 ,255
24.02 ,250
24.03 ,251
24.04 ,265
24.05 ,257
24.06 ,238
24.07 ,236
24.08 ,232
24.09 ,259
24.1 ,266
24.11 ,252
24.12 ,223
24.13 ,243
24.14 ,247
24.15 ,245
24.16 ,235
24.17 ,251
24.18 ,246
24.19 ,253
24.2 ,243
24.21 ,248
24.22 ,247
24.23 ,237
24.24 ,234
24.25 ,243
24.26 ,232
24.27 ,213
24.28 ,225
24.29 ,251
24.3 ,243
24.31 ,259
24.32 ,257
24.33 ,202
24.34 ,211
24.35 ,228
24.36 ,230
24.37 ,219
24.38 ,231
24.39 ,216
24.4 ,213
24.41 ,215
24.42 ,203
24.43 ,201
24.44 ,226
24.45 ,213
24.46 ,249
24.47 ,208
24.48 ,224
24.49 ,219
24.5 ,236
24.51 ,247
24.52 ,219
24.53 ,202
24.54 ,203
24.55 ,226
24.56 ,222
24.57 ,221
24.58 ,214
24.59 ,204
24.6 ,214
24.61 ,192
24.62 ,218
24.63 ,207
24.64 ,240
24.65 ,200
24.66 ,206
24.67 ,221
24.68 ,219
24.69 ,200
24.7 ,215
24.71 ,219
24.72 ,221
24.73 ,210
24.74 ,217
24.75 ,198
24.76 ,228
24.77 ,205
24.78 ,200
24.79 ,224
24.8 ,215
24.81 ,240
24.82 ,204
24.83 ,199
24.84 ,193
24.85 ,222
24.86 ,226
24.87 ,195
24.88 ,188
24.89 ,225
24.9 ,213
24.91 ,199
24.92 ,207
24.93 ,182
24.94 ,204
24.95 ,235
24.96 ,207
24.97 ,228
24.98 ,203
24.99 ,200
25 ,196
25.01 ,169
25.02 ,191
25.03 ,197
25.04 ,203
25.05 ,202
25.06 ,188
25.07 ,213
25.08 ,199
25.09 ,216
25.1 ,182
25.11 ,183
25.12 ,190
25.13 ,203
25.14 ,195
25.15 ,187
25.16 ,158
25.17 ,201
25.18 ,192
25.19 ,187
25.2 ,205
25.21 ,177
25.22 ,202
25.23 ,192
25.24 ,202
25.25 ,205
25.26 ,167
25.27 ,172
25.28 ,198
25.29 ,183
25.3 ,189
25.31 ,196
25.32 ,183
25.33 ,178
25.34 ,163
25.35 ,191
25.36 ,200
25.37 ,185
25.38 ,192
25.39 ,161
25.4 ,175
25.41 ,178
25.42 ,194
25.43 ,194
25.44 ,155
25.45 ,182
25.46 ,195
25.47 ,184
25.48 ,177
25.49 ,177
25.5 ,177
25.51 ,191
25.52 ,170
25.53 ,187
25.54 ,167
25.55 ,178
25.56 ,182
25.57 ,209
25.58 ,179
25.59 ,169
25.6 ,187
25.61 ,164
25.62 ,176
25.63 ,170
25.64 ,169
25.65 ,178
25.66 ,155
25.67 ,189
25.68 ,207
25.69 ,185
25.7 ,160
25.71 ,154
25.72 ,166
25.73 ,202
25.74 ,183
25.75 ,196
25.76 ,187
25.77 ,144
25.78 ,174
25.79 ,156
25.8 ,179
25.81 ,172
25.82 ,173
25.83 ,175
25.84 ,186
25.85 ,173
25.86 ,180
25.87 ,150
25.88 ,155
25.89 ,150
25.9 ,130
25.91 ,157
25.92 ,146
25.93 ,154
25.94 ,169
25.95 ,142
25.96 ,160
25.97 ,175
25.98 ,171
25.99 ,150
26 ,146
26.01 ,176
26.02 ,174
26.03 ,141
26.04 ,169
26.05 ,177
26.06 ,152
26.07 ,152
26.08 ,141
26.09 ,164
26.1 ,147
26.11 ,140
26.12 ,146
26.13 ,176
26.14 ,160
26.15 ,161
26.16 ,153
26.17 ,144
26.18 ,169
26.19 ,169
26.2 ,154
26.21 ,176
26.22 ,161
26.23 ,169
26.24 ,131
26.25 ,143
26.26 ,143
26.27 ,144
26.28 ,156
26.29 ,144
26.3 ,147
26.31 ,136
26.32 ,149
26.33 ,145
26.34 ,137
26.35 ,131
26.36 ,137
26.37 ,128
26.38 ,156
26.39 ,166
26.4 ,139
26.41 ,155
26.42 ,136
26.43 ,152
26.44 ,157
26.45 ,157
26.46 ,133
26.47 ,134
26.48 ,149
26.49 ,143
26.5 ,139
26.51 ,130
26.52 ,129
26.53 ,123
26.54 ,150
26.55 ,138
26.56 ,141
26.57 ,124
26.58 ,117
26.59 ,128
26.6 ,167
26.61 ,135
26.62 ,144
26.63 ,113
26.64 ,126
26.65 ,134
26.66 ,131
26.67 ,108
26.68 ,142
26.69 ,148
26.7 ,137
26.71 ,141
26.72 ,127
26.73 ,135
26.74 ,133
26.75 ,122
26.76 ,124
26.77 ,139
26.78 ,118
26.79 ,123
26.8 ,123
26.81 ,121
26.82 ,127
26.83 ,126
26.84 ,117
26.85 ,119
26.86 ,137
26.87 ,129
26.88 ,131
26.89 ,117
26.9 ,125
26.91 ,127
26.92 ,113
26.93 ,122
26.94 ,117
26.95 ,121
26.96 ,122
26.97 ,122
26.98 ,121
26.99 ,109
27 ,125
27.01 ,125
27.02 ,117
27.03 ,124
27.04 ,128
27.05 ,116
27.06 ,117
27.07 ,128
27.08 ,139
27.09 ,111
27.1 ,115
27.11 ,95
27.12 ,121
27.13 ,121
27.14 ,100
27.15 ,109
27.16 ,117
27.17 ,104
27.18 ,125
27.19 ,119
27.2 ,131
27.21 ,115
27.22 ,110
27.23 ,126
27.24 ,92
27.25 ,105
27.26 ,97
27.27 ,108
27.28 ,106
27.29 ,117
27.3 ,88
27.31 ,112
27.32 ,96
27.33 ,104
27.34 ,118
27.35 ,107
27.36 ,102
27.37 ,106
27.38 ,107
27.39 ,89
27.4 ,102
27.41 ,91
27.42 ,101
27.43 ,97
27.44 ,86
27.45 ,114
27.46 ,110
27.47 ,91
27.48 ,95
27.49 ,108
27.5 ,91
27.51 ,106
27.52 ,121
27.53 ,90
27.54 ,110
27.55 ,86
27.56 ,113
27.57 ,108
27.58 ,106
27.59 ,84
27.6 ,94
27.61 ,99
27.62 ,95
27.63 ,106
27.64 ,91
27.65 ,88
27.66 ,101
27.67 ,95
27.68 ,85
27.69 ,88
27.7 ,84
27.71 ,83
27.72 ,94
27.73 ,103
27.74 ,77
27.75 ,93
27.76 ,87
27.77 ,80
27.78 ,91
27.79 ,83
27.8 ,101
27.81 ,88
27.82 ,83
27.83 ,94
27.84 ,87
27.85 ,86
27.86 ,102
27.87 ,101
27.88 ,94
27.89 ,90
27.9 ,84
27.91 ,96
27.92 ,85
27.93 ,68
27.94 ,77
27.95 ,82
27.96 ,90
27.97 ,74
27.98 ,85
27.99 ,93
28 ,87
28.01 ,81
28.02 ,63
28.03 ,86
28.04 ,91
28.05 ,70
28.06 ,81
28.07 ,97
28.08 ,72
28.09 ,84
28.1 ,70
28.11 ,78
28.12 ,77
28.13 ,79
28.14 ,88
28.15 ,78
28.16 ,67
28.17 ,77
28.18 ,78
28.19 ,89
28.2 ,70
28.21 ,73
28.22 ,76
28.23 ,87
28.24 ,72
28.25 ,79
28.26 ,78
28.27 ,79
28.28 ,70
28.29 ,52
28.3 ,78
28.31 ,65
28.32 ,80
28.33 ,82
28.34 ,78
28.35 ,73
28.36 ,64
28.37 ,68
28.38 ,77
28.39 ,65
28.4 ,91
28.41 ,73
28.42 ,86
28.43 ,71
28.44 ,73
28.45 ,70
28.46 ,61
28.47 ,55
28.48 ,76
28.49 ,67
28.5 ,69
28.51 ,75
28.52 ,83
28.53 ,78
28.54 ,66
28.55 ,76
28.56 ,77
28.57 ,69
28.58 ,57
28.59 ,70
28.6 ,56
28.61 ,76
28.62 ,64
28.63 ,73
28.64 ,64
28.65 ,63
28.66 ,69
28.67 ,67
28.68 ,70
28.69 ,44
28.7 ,75
28.71 ,63
28.72 ,49
28.73 ,66
28.74 ,60
28.75 ,58
28.76 ,51
28.77 ,66
28.78 ,50
28.79 ,65
28.8 ,51
28.81 ,61
28.82 ,84
28.83 ,61
28.84 ,44
28.85 ,57
28.86 ,55
28.87 ,56
28.88 ,85
28.89 ,62
28.9 ,51
28.91 ,52
28.92 ,63
28.93 ,54
28.94 ,46
28.95 ,53
28.96 ,47
28.97 ,68
28.98 ,60
28.99 ,59
29 ,60
29.01 ,62
29.02 ,50
29.03 ,62
29.04 ,53
29.05 ,49
29.06 ,51
29.07 ,52
29.08 ,63
29.09 ,53
29.1 ,62
29.11 ,47
29.12 ,41
29.13 ,52
29.14 ,54
29.15 ,67
29.16 ,54
29.17 ,47
29.18 ,60
29.19 ,53
29.2 ,60
29.21 ,51
29.22 ,48
29.23 ,64
29.24 ,51
29.25 ,49
29.26 ,45
29.27 ,42
29.28 ,40
29.29 ,42
29.3 ,56
29.31 ,54
29.32 ,50
29.33 ,58
29.34 ,37
29.35 ,53
29.36 ,51
29.37 ,37
29.38 ,51
29.39 ,47
29.4 ,49
29.41 ,61
29.42 ,42
29.43 ,49
29.44 ,44
29.45 ,49
29.46 ,51
29.47 ,41
29.48 ,49
29.49 ,37
29.5 ,40
29.51 ,58
29.52 ,39
29.53 ,50
29.54 ,45
29.55 ,44
29.56 ,51
29.57 ,56
29.58 ,41
29.59 ,47
29.6 ,36
29.61 ,45
29.62 ,46
29.63 ,44
29.64 ,49
29.65 ,37
29.66 ,41
29.67 ,34
29.68 ,48
29.69 ,37
29.7 ,36
29.71 ,46
29.72 ,36
29.73 ,45
29.74 ,39
29.75 ,39
29.76 ,35
29.77 ,47
29.78 ,42
29.79 ,35
29.8 ,49
29.81 ,69
29.82 ,49
29.83 ,40
29.84 ,47
29.85 ,43
29.86 ,49
29.87 ,39
29.88 ,38
29.89 ,36
29.9 ,49
29.91 ,51
29.92 ,36
29.93 ,36
29.94 ,41
29.95 ,33
29.96 ,37
29.97 ,30
29.98 ,42
29.99 ,36
30 ,38
30.01 ,40
30.02 ,40
30.03 ,39
30.04 ,36
30.05 ,32
30.06 ,41
30.07 ,33
30.08 ,44
30.09 ,38
30.1 ,33
30.11 ,34
30.12 ,43
30.13 ,26
30.14 ,38
30.15 ,35
30.16 ,35
30.17 ,38
30.18 ,38
30.19 ,36
30.2 ,37
30.21 ,26
30.22 ,35
30.23 ,27
30.24 ,37
30.25 ,21
30.26 ,44
30.27 ,35
30.28 ,31
30.29 ,42
30.3 ,39
30.31 ,43
30.32 ,40
30.33 ,29
30.34 ,29
30.35 ,36
30.36 ,39
30.37 ,29
30.38 ,31
30.39 ,39
30.4 ,36
30.41 ,25
30.42 ,23
30.43 ,36
30.44 ,39
30.45 ,27
30.46 ,33
30.47 ,27
30.48 ,33
30.49 ,31
30.5 ,23
30.51 ,32
30.52 ,23
30.53 ,36
30.54 ,20
30.55 ,34
30.56 ,32
30.57 ,35
30.58 ,29
30.59 ,31
30.6 ,34
30.61 ,26
30.62 ,33
30.63 ,32
30.64 ,26
30.65 ,27
30.66 ,29
30.67 ,34
30.68 ,32
30.69 ,23
30.7 ,29
30.71 ,28
30.72 ,34
30.73 ,27
30.74 ,25
30.75 ,27
30.76 ,35
30.77 ,31
30.78 ,27
30.79 ,24
30.8 ,11
30.81 ,27
30.82 ,28
30.83 ,25
30.84 ,24
30.85 ,24
30.86 ,32
30.87 ,24
30.88 ,30
30.89 ,38
30.9 ,33
30.91 ,24
30.92 ,26
30.93 ,17
30.94 ,19
30.95 ,22
30.96 ,16
30.97 ,32
30.98 ,27
30.99 ,30
31 ,28
31.01 ,26
31.02 ,22
31.03 ,24
31.04 ,22
31.05 ,28
31.06 ,29
31.07 ,22
31.08 ,18
31.09 ,28
31.1 ,23
31.11 ,23
31.12 ,16
31.13 ,18
31.14 ,23
31.15 ,19
31.16 ,17
31.17 ,23
31.18 ,18
31.19 ,26
31.2 ,21
31.21 ,20
31.22 ,33
31.23 ,21
31.24 ,25
31.25 ,27
31.26 ,21
31.27 ,18
31.28 ,28
31.29 ,22
31.3 ,16
31.31 ,26
31.32 ,21
31.33 ,25
31.34 ,27
31.35 ,19
31.36 ,17
31.37 ,22
31.38 ,24
31.39 ,24
31.4 ,19
31.41 ,14
31.42 ,12
31.43 ,23
31.44 ,18
31.45 ,15
31.46 ,17
31.47 ,16
31.48 ,23
31.49 ,19
31.5 ,21
31.51 ,28
31.52 ,24
31.53 ,16
31.54 ,20
31.55 ,24
31.56 ,18
31.57 ,16
31.58 ,17
31.59 ,16
31.6 ,13
31.61 ,13
31.62 ,24
31.63 ,18
31.64 ,22
31.65 ,14
31.66 ,21
31.67 ,13
31.68 ,17
31.69 ,15
31.7 ,13
31.71 ,12
31.72 ,17
31.73 ,26
31.74 ,22
31.75 ,11
31.76 ,12
31.77 ,14
31.78 ,17
31.79 ,19
31.8 ,18
31.81 ,15
31.82 ,15
31.83 ,19
31.84 ,23
31.85 ,8
31.86 ,16
31.87 ,13
31.88 ,22
31.89 ,13
31.9 ,19
31.91 ,14
31.92 ,14
31.93 ,14
31.94 ,11
31.95 ,15
31.96 ,12
31.97 ,15
31.98 ,16
31.99 ,11
32 ,11
32.01 ,14
32.02 ,16
32.03 ,15
32.04 ,14
32.05 ,12
32.06 ,13
32.07 ,16
32.08 ,14
32.09 ,13
32.1 ,14
32.11 ,15
32.12 ,8
32.13 ,16
32.14 ,16
32.15 ,11
32.16 ,15
32.17 ,15
32.18 ,11
32.19 ,16
32.2 ,11
32.21 ,12
32.22 ,13
32.23 ,10
32.24 ,10
32.25 ,9
32.26 ,15
32.27 ,18
32.28 ,10
32.29 ,12
32.3 ,10
32.31 ,12
32.32 ,11
32.33 ,13
32.34 ,14
32.35 ,16
32.36 ,11
32.37 ,11
32.38 ,9
32.39 ,14
32.4 ,8
32.41 ,7
32.42 ,16
32.43 ,9
32.44 ,14
32.45 ,8
32.46 ,13
32.47 ,13
32.48 ,21
32.49 ,9
32.5 ,8
32.51 ,12
32.52 ,6
32.53 ,8
32.54 ,8
32.55 ,11
32.56 ,6
32.57 ,9
32.58 ,12
32.59 ,12
32.6 ,18
32.61 ,11
32.62 ,14
32.63 ,4
32.64 ,11
32.65 ,11
32.66 ,16
32.67 ,11
32.68 ,4
32.69 ,11
32.7 ,20
32.71 ,10
32.72 ,14
32.73 ,8
32.74 ,11
32.75 ,10
32.76 ,12
32.77 ,8
32.78 ,7
32.79 ,4
32.8 ,5
32.81 ,12
32.82 ,7
32.83 ,9
32.84 ,11
32.85 ,8
32.86 ,10
32.87 ,10
32.88 ,7
32.89 ,8
32.9 ,9
32.91 ,12
32.92 ,8
32.93 ,7
32.94 ,6
32.95 ,10
32.96 ,9
32.97 ,11
32.98 ,8
32.99 ,8
33 ,13
33.01 ,2
33.02 ,8
33.03 ,8
33.04 ,7
33.05 ,8
33.06 ,5
33.07 ,13
33.08 ,12
33.09 ,8
33.1 ,8
33.11 ,8
33.12 ,8
33.13 ,8
33.14 ,6
33.15 ,6
33.16 ,7
33.17 ,10
33.18 ,8
33.19 ,8
33.2 ,8
33.21 ,7
33.22 ,7
33.23 ,10
33.24 ,1
33.25 ,6
33.26 ,6
33.27 ,9
33.28 ,10
33.29 ,8
33.3 ,9
33.31 ,7
33.32 ,11
33.33 ,1
33.34 ,7
33.35 ,6
33.36 ,6
33.37 ,8
33.38 ,7
33.39 ,6
33.4 ,4
33.41 ,6
33.42 ,7
33.43 ,5
33.44 ,9
33.45 ,5
33.46 ,9
33.47 ,9
33.48 ,3
33.49 ,7
33.5 ,7
33.51 ,9
33.52 ,4
33.53 ,7
33.54 ,10
33.55 ,8
33.56 ,8
33.57 ,7
33.58 ,4
33.59 ,8
33.6 ,10
33.61 ,5
33.62 ,4
33.63 ,4
33.64 ,9
33.65 ,8
33.66 ,7
33.67 ,8
33.68 ,11
33.69 ,8
33.7 ,9
33.71 ,9
33.72 ,4
33.73 ,8
33.74 ,8
33.75 ,7
33.76 ,5
33.77 ,4
33.78 ,6
33.79 ,6
33.8 ,1
33.81 ,5
33.82 ,4
33.83 ,4
33.84 ,1
33.85 ,5
33.86 ,4
33.87 ,7
33.88 ,4
33.89 ,2
33.9 ,5
33.91 ,2
33.92 ,4
33.93 ,8
33.94 ,6
33.95 ,7
33.96 ,5
33.97 ,4
33.98 ,6
33.99 ,3
34 ,3
34.01 ,5
34.02 ,4
34.03 ,5
34.04 ,3
34.05 ,4
34.06 ,5
34.07 ,3
34.08 ,6
34.09 ,3
34.1 ,1
34.11 ,1
34.12 ,5
34.13 ,3
34.14 ,3
34.15 ,4
34.16 ,1
34.17 ,3
34.18 ,3
34.19 ,5
34.2 ,2
34.21 ,7
34.22 ,7
34.23 ,1
34.24 ,4
34.25 ,4
34.26 ,6
34.27 ,6
34.28 ,2
34.29 ,3
34.3 ,5
34.31 ,4
34.32 ,3
34.33 ,3
34.34 ,2
34.35 ,5
34.36 ,1
34.37 ,1
34.38 ,1
34.39 ,4
34.4 ,3
34.41 ,2
34.42 ,2
34.43 ,2
34.44 ,4
34.45 ,3
34.46 ,3
34.47 ,1
34.49 ,1
34.5 ,1
34.51 ,3
34.52 ,3
34.53 ,3
34.54 ,3
34.55 ,4
34.56 ,4
34.57 ,2
34.58 ,4
34.59 ,3
34.6 ,4
34.61 ,3
34.62 ,3
34.63 ,1
34.64 ,4
34.65 ,1
34.67 ,1
34.68 ,2
34.69 ,4
34.7 ,2
34.71 ,1
34.72 ,3
34.73 ,1
34.74 ,1
34.75 ,1
34.76 ,1
34.77 ,3
34.78 ,2
34.79 ,3
34.8 ,3
34.81 ,1
34.82 ,1
34.83 ,3
34.84 ,3
34.86 ,5
34.87 ,1
34.88 ,2
34.89 ,1
34.9 ,5
34.91 ,2
34.92 ,3
34.93 ,2
34.94 ,4
34.95 ,2
34.96 ,1
34.97 ,3
34.99 ,4
35 ,3
35.03 ,1
35.04 ,2
35.05 ,1
35.06 ,1
35.07 ,3
35.08 ,1
35.09 ,2
35.12 ,1
35.13 ,1
35.14 ,5
35.15 ,2
35.16 ,2
35.17 ,2
35.19 ,5
35.2 ,1
35.21 ,1
35.22 ,2
35.23 ,4
35.24 ,1
35.25 ,1
35.26 ,1
35.27 ,3
35.28 ,1
35.29 ,1
35.3 ,1
35.31 ,3
35.32 ,4
35.33 ,1
35.35 ,2
35.36 ,1
35.37 ,1
35.38 ,1
35.39 ,1
35.4 ,1
35.41 ,2
35.42 ,3
35.43 ,2
35.44 ,2
35.45 ,1
35.46 ,4
35.47 ,2
35.48 ,1
35.49 ,3
35.5 ,1
35.51 ,1
35.52 ,1
35.53 ,2
35.55 ,2
35.56 ,2
35.57 ,1
35.58 ,1
35.59 ,1
35.62 ,2
35.63 ,1
35.64 ,2
35.65 ,2
35.67 ,1
35.68 ,2
35.69 ,2
35.71 ,3
35.72 ,1
35.73 ,1
35.74 ,3
35.75 ,1
35.77 ,1
35.78 ,1
35.79 ,1
35.81 ,2
35.82 ,1
35.83 ,1
35.84 ,1
35.86 ,1
35.87 ,2
35.88 ,1
35.89 ,1
35.9 ,2
35.91 ,1
35.93 ,1
35.94 ,1
35.95 ,1
35.96 ,3
35.97 ,2
35.98 ,1
35.99 ,1
36.03 ,2
36.06 ,1
36.07 ,2
36.09 ,1
36.1 ,1
36.12 ,2
36.13 ,1
36.14 ,2
36.16 ,1
36.18 ,1
36.19 ,2
36.2 ,1
36.21 ,1
36.23 ,1
36.26 ,2
36.27 ,2
36.28 ,1
36.29 ,1
36.3 ,2
36.31 ,2
36.34 ,2
36.37 ,2
36.39 ,1
36.41 ,1
36.42 ,1
36.43 ,1
36.44 ,1
36.45 ,3
36.47 ,4
36.5 ,1
36.52 ,2
36.55 ,2
36.57 ,1
36.58 ,1
36.62 ,1
36.68 ,1
36.7 ,1
36.77 ,1
36.81 ,1
36.82 ,1
36.83 ,1
36.84 ,1
36.85 ,1
36.87 ,1
36.88 ,1
36.92 ,1
36.93 ,2
36.94 ,1
36.95 ,2
36.96 ,1
37 ,1
37.07 ,2
37.08 ,1
37.13 ,1
37.16 ,2
37.26 ,1
37.27 ,4
37.3 ,1
37.34 ,1
37.41 ,1
37.43 ,1
37.44 ,2
37.47 ,1
37.5 ,1
37.52 ,1
37.6 ,1
37.63 ,1
37.7 ,1
37.72 ,1
37.74 ,1
37.75 ,1
37.76 ,1
37.78 ,1
37.82 ,1
37.93 ,1
37.95 ,1
38.01 ,1
38.18 ,1
38.24 ,1
38.25 ,1
38.33 ,1
38.36 ,1
38.52 ,1
38.78 ,1
38.89 ,1
